{"v":"5.1.16","fr":30,"ip":0,"op":90,"w":1085,"h":1336,"nm":"ubicacion","ddd":0,"assets":[{"id":"image_0","w":141,"h":200,"u":"images/","p":"img_0.png","e":0},{"id":"image_1","w":52,"h":52,"u":"images/","p":"img_1.png","e":0},{"id":"image_2","w":39,"h":309,"u":"images/","p":"img_2.png","e":0},{"id":"image_3","w":1085,"h":1336,"u":"images/","p":"img_3.png","e":0}],"layers":[{"ddd":0,"ind":1,"ty":2,"nm":"Capa 2","refId":"image_0","sr":1,"ks":{"o":{"a":0,"k":100,"ix":11},"r":{"a":0,"k":0,"ix":10},"p":{"a":1,"k":[{"i":{"x":0.833,"y":0.833},"o":{"x":0.167,"y":0.167},"n":"0p833_0p833_0p167_0p167","t":20,"s":[549.848,70.403,0],"e":[549.848,234.403,0],"to":[0,27.3333339691162,0],"ti":[0,-27.3333339691162,0]},{"t":50}],"ix":2,"x":"var $bm_rt;\nfunction easeandwizz_outBounce(t, b, c, d) {\n    if ((t /= d) < 1 / 2.75) {\n        return sum(mul(c, mul(mul(7.5625, t), t)), b);\n    } else if (t < 2 / 2.75) {\n        return sum(mul(c, sum(mul(mul(7.5625, t -= 1.5 / 2.75), t), 0.75)), b);\n    } else if (t < 2.5 / 2.75) {\n        return sum(mul(c, sum(mul(mul(7.5625, t -= 2.25 / 2.75), t), 0.9375)), b);\n    } else {\n        return sum(mul(c, sum(mul(mul(7.5625, t -= 2.625 / 2.75), t), 0.984375)), b);\n    }\n}\nfunction easeAndWizz() {\n    var t, d, sX, eX;\n    var n = 0;\n    if (numKeys > 0) {\n        n = nearestKey(time).index;\n        if (key(n).time > time) {\n            n--;\n        }\n    }\n    try {\n        var key1 = key(n);\n        var key2 = key(sum(n, 1));\n    } catch (e) {\n        return null;\n    }\n    t = sub(time, key1.time);\n    d = sub(key2.time, key1.time);\n    sX = key1.time;\n    eX = sub(key2.time, key1.time);\n    if (time < key1.time || time > key2.time) {\n        return null;\n    } else {\n        return valueAtTime(easeandwizz_outBounce(t, sX, eX, d));\n    }\n}\n$bm_rt = easeAndWizz() || value;"},"a":{"a":0,"k":[72.072,65.996,0],"ix":1},"s":{"a":0,"k":[100,100,100],"ix":6}},"ao":0,"ip":20,"op":90,"st":0,"bm":0},{"ddd":0,"ind":2,"ty":2,"nm":"Capa 3","refId":"image_1","sr":1,"ks":{"o":{"a":0,"k":100,"ix":11},"r":{"a":0,"k":0,"ix":10},"p":{"a":0,"k":[547.848,366.757,0],"ix":2},"a":{"a":0,"k":[25.605,25.605,0],"ix":1},"s":{"a":1,"k":[{"i":{"x":[0.833,0.833,0.833],"y":[0.833,0.833,0.833]},"o":{"x":[0.167,0.167,0.167],"y":[0.167,0.167,0.167]},"n":["0p833_0p833_0p167_0p167","0p833_0p833_0p167_0p167","0p833_0p833_0p167_0p167"],"t":0,"s":[0,0,100],"e":[100,100,100]},{"t":31}],"ix":6,"x":"var $bm_rt;\nfunction easeandwizz_inoutExpo(t, b, c, d) {\n    var CORRECTION = 0.000976563;\n    var v;\n    if ((t /= d / 2) < 1) {\n        v = sub(Math.pow(2, mul(10, sub(t, 1))), CORRECTION);\n    } else {\n        v = sum(sum($bm_neg(Math.pow(2, mul(-10, sub(t, 1)))), 2), CORRECTION);\n    }\n    return sum(b, mul(div(v, 2), c));\n}\nfunction easeAndWizz() {\n    var t, d, sX, eX;\n    var n = 0;\n    if (numKeys > 0) {\n        n = nearestKey(time).index;\n        if (key(n).time > time) {\n            n--;\n        }\n    }\n    try {\n        var key1 = key(n);\n        var key2 = key(sum(n, 1));\n    } catch (e) {\n        return null;\n    }\n    t = sub(time, key1.time);\n    d = sub(key2.time, key1.time);\n    sX = key1.time;\n    eX = sub(key2.time, key1.time);\n    if (time < key1.time || time > key2.time) {\n        return null;\n    } else {\n        return valueAtTime(easeandwizz_inoutExpo(t, sX, eX, d));\n    }\n}\n$bm_rt = easeAndWizz() || value;"}},"ao":0,"ip":0,"op":90,"st":0,"bm":0},{"ddd":0,"ind":3,"ty":2,"nm":"Capa 5","refId":"image_1","sr":1,"ks":{"o":{"a":0,"k":48,"ix":11},"r":{"a":0,"k":0,"ix":10},"p":{"a":0,"k":[547.848,366.757,0],"ix":2},"a":{"a":0,"k":[25.605,25.605,0],"ix":1},"s":{"a":1,"k":[{"i":{"x":[0.833,0.833,0.833],"y":[0.833,0.833,0.833]},"o":{"x":[0.167,0.167,0.167],"y":[0.167,0.167,0.167]},"n":["0p833_0p833_0p167_0p167","0p833_0p833_0p167_0p167","0p833_0p833_0p167_0p167"],"t":0,"s":[0,0,100],"e":[272,272,100]},{"t":41}],"ix":6,"x":"var $bm_rt;\nfunction easeandwizz_inoutExpo(t, b, c, d) {\n    var CORRECTION = 0.000976563;\n    var v;\n    if ((t /= d / 2) < 1) {\n        v = sub(Math.pow(2, mul(10, sub(t, 1))), CORRECTION);\n    } else {\n        v = sum(sum($bm_neg(Math.pow(2, mul(-10, sub(t, 1)))), 2), CORRECTION);\n    }\n    return sum(b, mul(div(v, 2), c));\n}\nfunction easeAndWizz() {\n    var t, d, sX, eX;\n    var n = 0;\n    if (numKeys > 0) {\n        n = nearestKey(time).index;\n        if (key(n).time > time) {\n            n--;\n        }\n    }\n    try {\n        var key1 = key(n);\n        var key2 = key(sum(n, 1));\n    } catch (e) {\n        return null;\n    }\n    t = sub(time, key1.time);\n    d = sub(key2.time, key1.time);\n    sX = key1.time;\n    eX = sub(key2.time, key1.time);\n    if (time < key1.time || time > key2.time) {\n        return null;\n    } else {\n        return valueAtTime(easeandwizz_inoutExpo(t, sX, eX, d));\n    }\n}\n$bm_rt = easeAndWizz() || value;"}},"ao":0,"ip":0,"op":90,"st":0,"bm":0},{"ddd":0,"ind":4,"ty":2,"nm":"Capa 6","refId":"image_1","sr":1,"ks":{"o":{"a":0,"k":21,"ix":11},"r":{"a":0,"k":0,"ix":10},"p":{"a":0,"k":[547.848,366.757,0],"ix":2},"a":{"a":0,"k":[25.605,25.605,0],"ix":1},"s":{"a":1,"k":[{"i":{"x":[0.833,0.833,0.833],"y":[0.833,0.833,0.833]},"o":{"x":[0.167,0.167,0.167],"y":[0.167,0.167,0.167]},"n":["0p833_0p833_0p167_0p167","0p833_0p833_0p167_0p167","0p833_0p833_0p167_0p167"],"t":0,"s":[0,0,100],"e":[521,521,100]},{"t":49}],"ix":6,"x":"var $bm_rt;\nfunction easeandwizz_inoutExpo(t, b, c, d) {\n    var CORRECTION = 0.000976563;\n    var v;\n    if ((t /= d / 2) < 1) {\n        v = sub(Math.pow(2, mul(10, sub(t, 1))), CORRECTION);\n    } else {\n        v = sum(sum($bm_neg(Math.pow(2, mul(-10, sub(t, 1)))), 2), CORRECTION);\n    }\n    return sum(b, mul(div(v, 2), c));\n}\nfunction easeAndWizz() {\n    var t, d, sX, eX;\n    var n = 0;\n    if (numKeys > 0) {\n        n = nearestKey(time).index;\n        if (key(n).time > time) {\n            n--;\n        }\n    }\n    try {\n        var key1 = key(n);\n        var key2 = key(sum(n, 1));\n    } catch (e) {\n        return null;\n    }\n    t = sub(time, key1.time);\n    d = sub(key2.time, key1.time);\n    sX = key1.time;\n    eX = sub(key2.time, key1.time);\n    if (time < key1.time || time > key2.time) {\n        return null;\n    } else {\n        return valueAtTime(easeandwizz_inoutExpo(t, sX, eX, d));\n    }\n}\n$bm_rt = easeAndWizz() || value;"}},"ao":0,"ip":0,"op":90,"st":0,"bm":0},{"ddd":0,"ind":5,"ty":2,"nm":"Capa 7","refId":"image_2","sr":1,"ks":{"o":{"a":0,"k":100,"ix":11},"r":{"a":0,"k":0,"ix":10},"p":{"a":0,"k":[556.603,365.954,0],"ix":2},"a":{"a":0,"k":[27.316,2.128,0],"ix":1},"s":{"a":1,"k":[{"i":{"x":[0.833,0.833,0.833],"y":[0.833,0.833,0.833]},"o":{"x":[0.167,0.167,0.167],"y":[0.167,0.167,0.167]},"n":["0p833_0p833_0p167_0p167","0p833_0p833_0p167_0p167","0p833_0p833_0p167_0p167"],"t":32,"s":[100,0,100],"e":[100,100,100]},{"t":43}],"ix":6,"x":"var $bm_rt;\nfunction easeandwizz_outExpo(t, b, c, d) {\n    var OUT_EXPO_CORRECTION = 1.000976;\n    return t == d ? b + c : c * OUT_EXPO_CORRECTION * (-Math.pow(2, -10 * t / d) + 1) + b;\n}\nfunction easeAndWizz() {\n    var t, d, sX, eX;\n    var n = 0;\n    if (numKeys > 0) {\n        n = nearestKey(time).index;\n        if (key(n).time > time) {\n            n--;\n        }\n    }\n    if (n > 1 && n < numKeys - 1) {\n        return null;\n    }\n    try {\n        var key1 = key(n);\n        var key2 = key(sum(n, 1));\n    } catch (e) {\n        return null;\n    }\n    t = sub(time, key1.time);\n    d = sub(key2.time, key1.time);\n    sX = key1.time;\n    eX = sub(key2.time, key1.time);\n    if (time < key1.time || time > key2.time) {\n        return null;\n    } else {\n        return valueAtTime(easeandwizz_outExpo(t, sX, eX, d));\n    }\n}\n$bm_rt = easeAndWizz() || value;"}},"ao":0,"ip":32,"op":90,"st":0,"bm":0},{"ddd":0,"ind":6,"ty":2,"nm":"ubicacion_Mesa de trabajo 1.png","cl":"png","refId":"image_3","sr":1,"ks":{"o":{"a":0,"k":100,"ix":11},"r":{"a":0,"k":0,"ix":10},"p":{"a":0,"k":[542.5,668,0],"ix":2},"a":{"a":0,"k":[542.5,668,0],"ix":1},"s":{"a":0,"k":[100,100,100],"ix":6}},"ao":0,"ip":0,"op":90,"st":0,"bm":0}],"markers":[]}